{
    "基础信息": {
        "姓": 10,
        "名": 10,
        "手机号码": 10,
        "邮箱": 10,
        "微信号": 2
    },
    "教育经历": [
        {
            "学校名称": 10,
            "专业": 10,
            "城市": 2,
            "国家": 2,
            "起止时间": 10,
            "学历": 10,
            "院系": 10,
            "GPA": 2,
            "排名": 2,
            "获奖记录": 2,
            "主修课程": 2
        }
    ],
    "职业经历": [
        {
            "公司名称": 10,
            "城市": 10,
            "国家": 2,
            "起止时间": 10,
            "职位": 10,
            "部门": 2,
            "职责/业绩描述": 10
        }
    ],
    "项目经历": [
        {
            "项目名称": 10,
            "城市": 10,
            "国家": 2,
            "起止时间": 10,
            "项目链接": 2,
            "项目角色": 10,
            "项目描述": 10,
            "项目成就": 10,
            "项目职责": 10
        }
    ],
    "获奖与证书": {
        "获奖": [
            {
                "奖项名称": 10,
                "颁奖机构": 10,
                "获奖级别": 2,
                "获奖时间": 10,
                "获奖名次": 2,
                "描述": 2
            }
        ],
        "证书": [
            {
                "证书名称": 10,
                "颁发机构": 10,
                "取得时间": 10,
                "证书详情": 2
            }
        ]
    },
    "语言": [
        {
            "语言": 10,
            "证书/资格认证": 2,
            "熟练度": 10,
            "成绩": 2
        }
    ],
    "技能": [
        {
            "技能名称": 10,
            "熟练度": 10
        }
    ],
    "科研论文与知识产权": {
        "科研论文": [
            {
                "论文标题": 10,
                "作者顺序": 10,
                "出版时间": 10,
                "期刊/会议": 10,
                "DOI/链接": 2,
                "研究描述": 2,
                "个人贡献": 2
            }
        ],
        "知识产权": [
            {
                "专利名称": 10,
                "专利号": 10,
                "申请/授权时间": 10,
                "描述": 2
            }
        ]
    },
    "个人评价": 2
}
